dataset_name,role,source_url,licence,date_accessed,file,bytes,sha256,publisher_md5_check,raw_rows,class_counts,modalities,overlap_with_model_training,overlap_detail
zenodo_8041387_phishing_website,"RECOMMENDED A, C, D",https://zenodo.org/records/8041387 (doi 10.5281/zenodo.8041387),CC-BY-4.0,2026-09-27,raw/zenodo_8041387_phishing_website/phishing.csv,61519197,3869a4e0ad391a27e6489285becafca0310ef68d207469ef8b1e4ed462cd23dc,match,5151,phishing=5151,url + page text + metadata (screenshot in zips),partial,"URL exact match with training urls.json: 70 of 5151 (1.36%); host match 153. Page text vs webs.json (HTML part of the training set) NOT checked, so BERT text overlap is unknown. CLIP training data is not released, unknown."
zenodo_8041387_phishing_website,"RECOMMENDED A, C, D",https://zenodo.org/records/8041387 (doi 10.5281/zenodo.8041387),CC-BY-4.0,2026-09-27,raw/zenodo_8041387_phishing_website/not-phishing.csv,107438400,af07ef049a1dfcce7e76dfb891ece2a166366c4c3fd1a92ac3ab86a4100e195b,match,5244,legitimate=5244,url + page text + metadata (screenshot in zips),partial,"URL exact match with training urls.json: 146 of 5244 (2.78%); host match 832. Page text vs webs.json (HTML part of the training set) NOT checked, so BERT text overlap is unknown. CLIP training data is not released, unknown."
zenodo_8041387_phishing_website,support,https://zenodo.org/records/8041387 (doi 10.5281/zenodo.8041387),CC-BY-4.0,2026-09-27,raw/zenodo_8041387_phishing_website/brands.csv,16951,038b324c03aff3c0003c44f88a8f41e16b549dd05bc31f79604b0266afffac61,match,86,n/a (brand list),metadata,no,brand reference table only
zenodo_8041387_phishing_website,"RECOMMENDED C, D",https://zenodo.org/records/8041387 (doi 10.5281/zenodo.8041387),CC-BY-4.0,2026-09-27,raw/zenodo_8041387_phishing_website/SHA256_MANIFEST_screenshots.csv,173546,1130b58396f455f10270c2d048c9170a6174a473eebeb98fb2a0871718a0d676,,1395,phishing=651; legitimate=744,"screenshot (JPEG), linked to CSV rows by site id",unknown,"Manifest of 1395 image files, 108210335 bytes in total (original_js_on.jpg per site, extracted by HTTP range requests from phishing_4501-5000.zip, phishing_5001-5151.zip, not-phishing_4501-5000.zip, not-phishing_5001-5244.zip). CLIP training data is not released, so overlap cannot be checked."
zenodo_8041387_phishing_website,"RECOMMENDED C, D",https://zenodo.org/records/8041387 (doi 10.5281/zenodo.8041387),CC-BY-4.0,2026-09-27,raw/zenodo_8041387_phishing_website/SHA256_MANIFEST_screenshots_fallback.csv,27170,d55c5ece7c702d1e639e855f967bd1f1bdf8f9ef54c71e2e3f5419bf31c13bdf,,181,phishing=27; legitimate=154,"screenshot (JPEG), linked to CSV rows by site id",unknown,"Manifest of 181 image files, 21998846 bytes in total (alternative render for sites whose original_js_on.jpg is near-blank, same zips). CLIP training data is not released, so overlap cannot be checked."
zenodo_8041387_phishing_website,support,https://zenodo.org/records/8041387 (doi 10.5281/zenodo.8041387),CC-BY-4.0,2026-09-27,raw/zenodo_8041387_phishing_website/zip_listings/not-phishing_4501-5000.zip.members.csv,5637754,75d20ab9974a8c5e5171e56154ea932de6ebbc3bac2fe7ee666069eddc5d7489,,72022,n/a (member listing of remote zip),metadata,no,"listing of the remote zip central directory, the zip itself was not downloaded in full"
zenodo_8041387_phishing_website,support,https://zenodo.org/records/8041387 (doi 10.5281/zenodo.8041387),CC-BY-4.0,2026-09-27,raw/zenodo_8041387_phishing_website/zip_listings/not-phishing_5001-5244.zip.members.csv,3189731,91238a77ddc22b8055f844867cb25a04de4cc4d3a494df7679b52afb5f33310d,,41159,n/a (member listing of remote zip),metadata,no,"listing of the remote zip central directory, the zip itself was not downloaded in full"
zenodo_8041387_phishing_website,support,https://zenodo.org/records/8041387 (doi 10.5281/zenodo.8041387),CC-BY-4.0,2026-09-27,raw/zenodo_8041387_phishing_website/zip_listings/phishing_4501-5000.zip.members.csv,2234905,7f761618e0d015cf24a7b4aef6bdb7c3add38324dba14845aae8531f28e93356,,29438,n/a (member listing of remote zip),metadata,no,"listing of the remote zip central directory, the zip itself was not downloaded in full"
zenodo_8041387_phishing_website,support,https://zenodo.org/records/8041387 (doi 10.5281/zenodo.8041387),CC-BY-4.0,2026-09-27,raw/zenodo_8041387_phishing_website/zip_listings/phishing_5001-5151.zip.members.csv,515745,6af9c193b3928bf855c040437aba945b7ae3cd2dad2470902f8d7a0f1d6fc2d3,,6948,n/a (member listing of remote zip),metadata,no,"listing of the remote zip central directory, the zip itself was not downloaded in full"
zenodo_8339691_email_curated,RECOMMENDED B,https://zenodo.org/records/8339691 (doi 10.5281/zenodo.8339691),CC-BY-4.0 (record licence; terms of the underlying corpora not verified),2026-09-27,raw/zenodo_8339691_email_curated/Nazario.csv,7811841,b8fbc4158fbdfaff1ed98584c43d72e283c6352d7ade4d457d34c1d79488d184,match,1565,label1(phishing or spam)=1565; label0(legitimate)=0,"email text (sender, receiver, date, subject, body) + urls flag",no (exact match check),"vs training texts.json: body exact 0 (0.00%), body prefix200 0 (0.00%), subject+body exact 0 (0.00%)"
zenodo_8339691_email_curated,RECOMMENDED B,https://zenodo.org/records/8339691 (doi 10.5281/zenodo.8339691),CC-BY-4.0 (record licence; terms of the underlying corpora not verified),2026-09-27,raw/zenodo_8339691_email_curated/CEAS_08.csv,67902056,22375e7d5f5a8229dbe987914ee9b3705656c590038662a7df6054629b376074,match,39154,label1(phishing or spam)=21842; label0(legitimate)=17312,"email text (sender, receiver, date, subject, body) + urls flag",no (exact match check),"vs training texts.json: body exact 0 (0.00%), body prefix200 0 (0.00%), subject+body exact 0 (0.00%)"
zenodo_8339691_email_curated,"OPTIONAL B (advance-fee fraud, not credential phishing)",https://zenodo.org/records/8339691 (doi 10.5281/zenodo.8339691),CC-BY-4.0 (record licence; terms of the underlying corpora not verified),2026-09-27,raw/zenodo_8339691_email_curated/Nigerian_Fraud.csv,9192393,f5d6930763cae6feeae6484131c79655a7440abbb97d6f51eab757aea4e6ab4b,match,3332,label1(phishing or spam)=3332; label0(legitimate)=0,"email text (sender, receiver, date, subject, body) + urls flag",no (exact match check),"vs training texts.json: body exact 0 (0.00%), body prefix200 4 (0.12%), subject+body exact 1 (0.03%)"
zenodo_8339691_email_curated,EXCLUDED (overlap),https://zenodo.org/records/8339691 (doi 10.5281/zenodo.8339691),CC-BY-4.0 (record licence; terms of the underlying corpora not verified),2026-09-27,raw/zenodo_8339691_email_curated/SpamAssasin.csv,14879195,3bfe8f8abff89f69a98456be50413c2fcb20a476141116dd84ee1507b980c00e,match,5809,label1(phishing or spam)=1718; label0(legitimate)=4091,"email text (sender, receiver, date, subject, body) + urls flag",yes,"vs training texts.json: body exact 4462 (76.85%), body prefix200 4555 (78.45%), subject+body exact 107 (1.84%)"
zenodo_8339691_email_curated,EXCLUDED (overlap),https://zenodo.org/records/8339691 (doi 10.5281/zenodo.8339691),CC-BY-4.0 (record licence; terms of the underlying corpora not verified),2026-09-27,raw/zenodo_8339691_email_curated/Enron.csv,44837129,11f28a5bdd3603f1829681ab6b55071b5f9af781b4e6694e39216b2996a96883,match,29767,label1(phishing or spam)=13976; label0(legitimate)=15791,"email text (sender, receiver, date, subject, body) + urls flag",yes,"vs training texts.json: body exact 324 (1.09%), body prefix200 566 (1.90%), subject+body exact 9632 (32.36%)"
zenodo_8339691_email_curated,EXCLUDED (overlap),https://zenodo.org/records/8339691 (doi 10.5281/zenodo.8339691),CC-BY-4.0 (record licence; terms of the underlying corpora not verified),2026-09-27,raw/zenodo_8339691_email_curated/Ling.csv,9337509,9407c9e022accc6c831e54c5226b99b30ac4ae07682e63f5d483ed0ec17ff23c,match,2859,label1(phishing or spam)=458; label0(legitimate)=2401,"email text (sender, receiver, date, subject, body) + urls flag",yes,"vs training texts.json: body exact 64 (2.24%), body prefix200 65 (2.27%), subject+body exact 2577 (90.14%)"
uci_phiusiil,"SECONDARY A (formatting artefact, see DATA.md)",https://archive.ics.uci.edu/dataset/967/phiusiil+phishing+url+dataset,CC-BY-4.0,2026-09-27,raw/uci_phiusiil/phiusiil_phishing_url_dataset.zip,15376007,0a639fd03aea6308c5b1c10c92aa23c2ce1505447a9137271865cd0badc9a59a,,235795,label1(legitimate)=134850; label0(phishing)=100945,url + page title + engineered features,partial,URL exact match with training urls.json: 3019 of 235795 (1.28%); host match 14825 (6.29%)
uci_sms_spam_collection,EXCLUDED unless overlapping rows are removed,https://archive.ics.uci.edu/dataset/228/sms+spam+collection,CC-BY-4.0,2026-09-27,raw/uci_sms_spam_collection/sms_spam_collection.zip,203415,1587ea43e58e82b14ff1f5425c88e17f8496bfcdb67a583dbff9eefaf9963ce3,,5574,ham=4827; spam=747,sms text,yes,vs training texts.json: exact 2102 of 5572 (37.72%); spam exact 683 of 747; ham exact 1419 of 4825
shresthsamyak_screenshots,SECONDARY C,https://huggingface.co/datasets/shresthsamyak/phishing-website-screenshots,other (card gives no named licence; third-party brand content),2026-09-27,raw/shresthsamyak_screenshots/metadata.csv,2835616,4d29fb3edfb7a658b74d45953a67d9b39e3548cd3b87aad15f634e974f643e1f,,8370,legitimate=7924; phishing=446,url + screenshot path + metadata,partial,URL exact match with training urls.json: 33 of 7465 rows with a url (0.44%). CLIP overlap unknown.
shresthsamyak_screenshots,SECONDARY C,https://huggingface.co/datasets/shresthsamyak/phishing-website-screenshots,other (card gives no named licence; third-party brand content),2026-09-27,raw/shresthsamyak_screenshots/subset_manifest.csv,323541,3f2c375b4acd87843d71b0c2f4d964729aadf471bb824d7f561cfe437147963e,,946,legitimate=500; phishing=446,url + screenshot path + metadata,partial,"documented subset: all phishing rows plus 500 legitimate rows with a url, sampled with random_state=42"
shresthsamyak_screenshots,SECONDARY C,https://huggingface.co/datasets/shresthsamyak/phishing-website-screenshots,other (card gives no named licence; third-party brand content),2026-09-27,raw/shresthsamyak_screenshots/SHA256_MANIFEST_images.csv,113626,adc9c64d13d803b16321bebb3acd2d03fc8080217fad388824c76be20df919ab,,946,legitimate=500; phishing=446,screenshot (PNG 1920x1080),unknown,"Manifest of 946 image files, 505671179 bytes in total. CLIP training data is not released."
ealvaradob_phishing_dataset,"LEAKAGE REFERENCE, never evaluate on it",https://huggingface.co/datasets/ealvaradob/phishing-dataset,Apache-2.0,2026-09-27,raw/ealvaradob_phishing_dataset/texts.json,52079789,2479fdb94abb59332cc747f7b823a1651921b9828240c5dad0ffdba66ab02581,,20137,label1(phishing)=7672; label0(benign)=12465,email + sms text,yes,THIS IS TRAINING DATA of ealvaradob/bert-finetuned-phishing. Downloaded only as the reference for leakage checks.
ealvaradob_phishing_dataset,"LEAKAGE REFERENCE, never evaluate on it",https://huggingface.co/datasets/ealvaradob/phishing-dataset,Apache-2.0,2026-09-27,raw/ealvaradob_phishing_dataset/urls.json,73157496,32cfba42892c915b041a3f0ca6ffd0f484b2590c4c2ca91b13d3ea1330b2c9bd,,835697,label1(phishing)=390764; label0(benign)=444933,url,yes,THIS IS TRAINING DATA of CrabInHoney/urlbert-tiny-v4 (card: urls.json only) and part of the BERT training set. Reference for leakage checks.
zefang_liu_phishing_email,EXCLUDED (overlap),https://huggingface.co/datasets/zefang-liu/phishing-email-dataset,LGPL-3.0,2026-09-27,raw/zefang_liu_phishing_email/Phishing_Email.csv,52034604,18ef4fff1acb8986f0ab01e83ede6025420c829656af5a377560fce17e153b97,,18650,Safe Email=11322; Phishing Email=7328,email text,yes,vs training texts.json: exact 18098 of 18631 (97.14%). Same Kaggle source as the training set.
pirocheto_phishing_url,EXCLUDED (overlap),https://huggingface.co/datasets/pirocheto/phishing-url,CC-BY-4.0,2026-09-27,raw/pirocheto_phishing_url/train.parquet,788989,79a776a41e7f5c8a51d24ec6802284887fbdee296c5e09e8d881fc6c4852cc43,,7658,legitimate=3829; phishing=3829,url + engineered features,yes,URL exact match with training urls.json (train+test together): 11430 of 11430 (100.00%)
pirocheto_phishing_url,EXCLUDED (overlap),https://huggingface.co/datasets/pirocheto/phishing-url,CC-BY-4.0,2026-09-27,raw/pirocheto_phishing_url/test.parquet,430668,8131f6e48b58136dac0222b419104d19d7d47938483d0a458403113750222a07,,3772,legitimate=1886; phishing=1886,url + engineered features,yes,URL exact match with training urls.json (train+test together): 11430 of 11430 (100.00%)
